{"loss": 1.764003038406372, "elapsed_time": 249.489666, "epoch": 5, "worker": 1}