{"loss": 2.0340652465820312, "elapsed_time": 113.983774, "epoch": 2, "worker": 1}