{"loss": 1.9585119485855103, "elapsed_time": 161.876861, "epoch": 3, "worker": 1}