{"loss": 1.8302769660949707, "elapsed_time": 205.201399, "epoch": 4, "worker": 2}