{"loss": 1.9458681344985962, "elapsed_time": 161.869104, "epoch": 3, "worker": 0}