{"loss": 2.8598215579986572, "elapsed_time": 29.449396, "epoch": 0, "worker": 2}