{"loss": 1.7410598993301392, "elapsed_time": 295.335682, "epoch": 6, "worker": 1}