{"loss": 1.7594188451766968, "elapsed_time": 249.498132, "epoch": 5, "worker": 2}