{"loss": 1.7683659791946411, "elapsed_time": 249.48628, "epoch": 5, "worker": 0}