{"loss": 2.2964248657226562, "elapsed_time": 74.131753, "epoch": 1, "worker": 2}