{"loss": 1.7255525588989258, "elapsed_time": 295.255255, "epoch": 6, "worker": 2}