{"loss": 1.9450559616088867, "elapsed_time": 161.864565, "epoch": 3, "worker": 2}