{"loss": 2.8670058250427246, "elapsed_time": 29.441635, "epoch": 0, "worker": 1}