{"loss": 1.8366206884384155, "elapsed_time": 205.195252, "epoch": 4, "worker": 1}