{"loss": 1.7419105768203735, "elapsed_time": 295.23481, "epoch": 6, "worker": 0}