{"loss": 2.29675555229187, "elapsed_time": 74.135475, "epoch": 1, "worker": 0}