{"loss": 2.310227632522583, "elapsed_time": 74.124864, "epoch": 1, "worker": 1}