{"loss": 1.824941635131836, "elapsed_time": 205.187875, "epoch": 4, "worker": 0}