{"loss": 2.018842935562134, "elapsed_time": 114.302595, "epoch": 2, "worker": 2}