{"loss": 2.023733615875244, "elapsed_time": 114.477528, "epoch": 2, "worker": 0}