{"loss": 2.8700475692749023, "elapsed_time": 29.45184, "epoch": 0, "worker": 0}