{"loss": 1.6417300701141357, "elapsed_time": 455.703562, "epoch": 5, "worker": 2}