{"loss": 1.7989729642868042, "elapsed_time": 139.958701, "epoch": 1, "worker": 0}