{"loss": 1.6493501663208008, "elapsed_time": 295.077363, "epoch": 3, "worker": 2}