{"loss": 1.6555113792419434, "elapsed_time": 295.070213, "epoch": 3, "worker": 1}