{"loss": 1.6835767030715942, "elapsed_time": 217.627544, "epoch": 2, "worker": 1}