{"loss": 1.6336758136749268, "elapsed_time": 375.394174, "epoch": 4, "worker": 2}