{"loss": 1.7043248414993286, "elapsed_time": 217.637034, "epoch": 2, "worker": 0}