{"loss": 1.8252004384994507, "elapsed_time": 139.958762, "epoch": 1, "worker": 1}