{"loss": 1.8132151365280151, "elapsed_time": 139.953625, "epoch": 1, "worker": 2}