{"loss": 1.6099900007247925, "elapsed_time": 534.024162, "epoch": 6, "worker": 0}