{"loss": 1.6585612297058105, "elapsed_time": 295.081361, "epoch": 3, "worker": 0}