{"loss": 1.723903775215149, "elapsed_time": 217.634621, "epoch": 2, "worker": 2}