{"loss": 1.5828115940093994, "elapsed_time": 534.024602, "epoch": 6, "worker": 1}