{"loss": 2.0066745281219482, "elapsed_time": 62.13945, "epoch": 0, "worker": 0}