{"loss": 1.6253674030303955, "elapsed_time": 455.697104, "epoch": 5, "worker": 1}