{"loss": 1.6776858568191528, "elapsed_time": 375.42674, "epoch": 4, "worker": 1}