{"loss": 1.6567374467849731, "elapsed_time": 375.426217, "epoch": 4, "worker": 0}