{"loss": 2.0026609897613525, "elapsed_time": 62.138932, "epoch": 0, "worker": 1}