{"loss": 1.6011654138565063, "elapsed_time": 534.014772, "epoch": 6, "worker": 2}