{"loss": 2.0118188858032227, "elapsed_time": 62.123398, "epoch": 0, "worker": 2}