{"loss": 1.6277644634246826, "elapsed_time": 455.710414, "epoch": 5, "worker": 0}