{"loss": 2.180190324783325, "elapsed_time": 42.490795, "epoch": 3, "worker": 0}