{"loss": 1.8088486194610596, "elapsed_time": 70.146506, "epoch": 6, "worker": 0}