{"loss": 1.8702400922775269, "elapsed_time": 61.005017, "epoch": 5, "worker": 0}