{"loss": 3.258096933364868, "elapsed_time": 14.800312, "epoch": 0, "worker": 0}