{"loss": 2.8602030277252197, "elapsed_time": 23.999755, "epoch": 1, "worker": 0}