{"loss": 1.982245683670044, "elapsed_time": 51.701929, "epoch": 4, "worker": 0}