{"loss": 2.467277765274048, "elapsed_time": 33.169499, "epoch": 2, "worker": 0}