{"loss": 1.5503214597702026, "elapsed_time": 57.231857, "epoch": 5, "worker": 0}