{"loss": 1.7013474702835083, "elapsed_time": 22.924293, "epoch": 1, "worker": 0}