{"loss": 1.5694481134414673, "elapsed_time": 48.613703, "epoch": 4, "worker": 0}