{"loss": 1.6412373781204224, "elapsed_time": 31.496797, "epoch": 2, "worker": 0}