{"loss": 1.5209481716156006, "elapsed_time": 65.88828, "epoch": 6, "worker": 0}