{"loss": 1.8129150867462158, "elapsed_time": 14.256698, "epoch": 0, "worker": 0}