{"loss": 2.6856319904327393, "elapsed_time": 14.349879, "epoch": 0, "worker": 0}