{"loss": 1.9131133556365967, "elapsed_time": 32.140427, "epoch": 2, "worker": 0}