{"loss": 1.800284743309021, "elapsed_time": 41.244026, "epoch": 3, "worker": 0}