{"loss": 2.0933327674865723, "elapsed_time": 23.258529, "epoch": 1, "worker": 0}