{"loss": 1.6905267238616943, "elapsed_time": 59.231559, "epoch": 5, "worker": 0}