{"loss": 1.6920346021652222, "elapsed_time": 68.298643, "epoch": 6, "worker": 0}