{"loss": 1.7531894445419312, "elapsed_time": 50.18851, "epoch": 4, "worker": 0}