{"loss": 1.5133501291275024, "elapsed_time": 41.003617, "epoch": 3, "worker": 0}