{"loss": 1.6383272409439087, "elapsed_time": 23.512401, "epoch": 1, "worker": 0}