{"loss": 1.709876537322998, "elapsed_time": 14.719973, "epoch": 0, "worker": 0}