{"loss": 1.4554344415664673, "elapsed_time": 58.558387, "epoch": 5, "worker": 0}