{"loss": 1.5403708219528198, "elapsed_time": 32.335025, "epoch": 2, "worker": 0}