{"loss": 1.4068523645401, "elapsed_time": 67.326779, "epoch": 6, "worker": 0}