{"loss": 1.4454188346862793, "elapsed_time": 49.883881, "epoch": 4, "worker": 0}