{"loss": 2.197007179260254, "elapsed_time": 206.221975, "epoch": 4, "worker": 2}