{"loss": 2.2025485038757324, "elapsed_time": 206.225526, "epoch": 4, "worker": 0}