{"loss": 2.657602310180664, "elapsed_time": 111.928247, "epoch": 2, "worker": 2}