{"loss": 3.2758188247680664, "elapsed_time": 29.203985, "epoch": 0, "worker": 2}