{"loss": 2.1904726028442383, "elapsed_time": 206.215581, "epoch": 4, "worker": 1}