{"loss": 3.2794747352600098, "elapsed_time": 29.19675, "epoch": 0, "worker": 1}