{"loss": 1.9309171438217163, "elapsed_time": 293.734744, "epoch": 6, "worker": 2}