{"loss": 2.0228826999664307, "elapsed_time": 249.887318, "epoch": 5, "worker": 1}