{"loss": 2.9748613834381104, "elapsed_time": 73.680554, "epoch": 1, "worker": 2}