{"loss": 2.0622119903564453, "elapsed_time": 249.892626, "epoch": 5, "worker": 2}