{"loss": 2.0414891242980957, "elapsed_time": 249.884925, "epoch": 5, "worker": 0}