{"loss": 2.666226625442505, "elapsed_time": 110.808115, "epoch": 2, "worker": 0}