{"loss": 2.42519211769104, "elapsed_time": 161.17537, "epoch": 3, "worker": 1}