{"loss": 2.4234304428100586, "elapsed_time": 161.18215, "epoch": 3, "worker": 2}