{"loss": 2.97165846824646, "elapsed_time": 73.669883, "epoch": 1, "worker": 0}