{"loss": 1.9297878742218018, "elapsed_time": 293.74347, "epoch": 6, "worker": 1}