{"loss": 3.273606061935425, "elapsed_time": 29.197492, "epoch": 0, "worker": 0}