{"loss": 2.957246780395508, "elapsed_time": 73.691123, "epoch": 1, "worker": 1}