{"loss": 2.6584951877593994, "elapsed_time": 111.219787, "epoch": 2, "worker": 1}