{"loss": 1.9339617490768433, "elapsed_time": 293.738459, "epoch": 6, "worker": 0}