{"loss": 2.434690237045288, "elapsed_time": 161.185828, "epoch": 3, "worker": 0}