{"loss": 1.7009862661361694, "elapsed_time": 527.512701, "epoch": 6, "worker": 0}