{"loss": 1.7309402227401733, "elapsed_time": 527.521397, "epoch": 6, "worker": 2}