{"loss": 1.8059353828430176, "elapsed_time": 293.36596, "epoch": 3, "worker": 0}