{"loss": 2.1164700984954834, "elapsed_time": 138.835017, "epoch": 1, "worker": 2}