{"loss": 1.7193372249603271, "elapsed_time": 450.431186, "epoch": 5, "worker": 2}