{"loss": 1.8793878555297852, "elapsed_time": 216.215717, "epoch": 2, "worker": 2}