{"loss": 1.904740571975708, "elapsed_time": 216.219303, "epoch": 2, "worker": 0}