{"loss": 1.7548424005508423, "elapsed_time": 370.608049, "epoch": 4, "worker": 0}