{"loss": 1.7494852542877197, "elapsed_time": 370.598621, "epoch": 4, "worker": 1}