{"loss": 1.9053021669387817, "elapsed_time": 216.210148, "epoch": 2, "worker": 1}