{"loss": 2.0885236263275146, "elapsed_time": 138.827827, "epoch": 1, "worker": 1}