{"loss": 1.807436227798462, "elapsed_time": 293.371167, "epoch": 3, "worker": 2}