{"loss": 2.090970277786255, "elapsed_time": 138.838546, "epoch": 1, "worker": 0}