{"loss": 1.7343924045562744, "elapsed_time": 527.514564, "epoch": 6, "worker": 1}