{"loss": 2.6883628368377686, "elapsed_time": 61.349936, "epoch": 0, "worker": 0}