{"loss": 1.7547290325164795, "elapsed_time": 293.363434, "epoch": 3, "worker": 1}