{"loss": 1.7082743644714355, "elapsed_time": 450.423817, "epoch": 5, "worker": 1}