{"loss": 1.7225323915481567, "elapsed_time": 450.418594, "epoch": 5, "worker": 0}