{"loss": 2.6912856101989746, "elapsed_time": 61.356945, "epoch": 0, "worker": 1}