{"loss": 2.6801669597625732, "elapsed_time": 61.353107, "epoch": 0, "worker": 2}