{"loss": 1.7334821224212646, "elapsed_time": 370.605667, "epoch": 4, "worker": 2}