{"loss": 1.7033380270004272, "elapsed_time": 32.73126, "epoch": 2, "worker": 0}