{"loss": 1.6300196647644043, "elapsed_time": 59.938438, "epoch": 5, "worker": 0}