{"loss": 1.6512720584869385, "elapsed_time": 41.792378, "epoch": 3, "worker": 0}