{"loss": 1.6114915609359741, "elapsed_time": 69.008799, "epoch": 6, "worker": 0}