{"loss": 1.6418308019638062, "elapsed_time": 50.836685, "epoch": 4, "worker": 0}