{"loss": 2.028106689453125, "elapsed_time": 14.700676, "epoch": 0, "worker": 0}