{"loss": 1.7765192985534668, "elapsed_time": 23.676171, "epoch": 1, "worker": 0}