{"loss": 3.3510560989379883, "elapsed_time": 28.759486, "epoch": 0, "worker": 2}