{"loss": 2.6372010707855225, "elapsed_time": 297.54906, "epoch": 6, "worker": 2}