{"loss": 2.912341833114624, "elapsed_time": 207.79751, "epoch": 4, "worker": 1}