{"loss": 3.350407600402832, "elapsed_time": 28.763193, "epoch": 0, "worker": 1}