{"loss": 2.7650506496429443, "elapsed_time": 252.801551, "epoch": 5, "worker": 2}