{"loss": 2.6441726684570312, "elapsed_time": 297.555312, "epoch": 6, "worker": 1}