{"loss": 2.7800774574279785, "elapsed_time": 252.798379, "epoch": 5, "worker": 1}