{"loss": 3.188929319381714, "elapsed_time": 117.995691, "epoch": 2, "worker": 0}