{"loss": 3.0244815349578857, "elapsed_time": 162.882512, "epoch": 3, "worker": 1}