{"loss": 3.3503243923187256, "elapsed_time": 28.74944, "epoch": 0, "worker": 0}