{"loss": 3.295387029647827, "elapsed_time": 73.384093, "epoch": 1, "worker": 1}