{"loss": 3.190584659576416, "elapsed_time": 117.992141, "epoch": 2, "worker": 2}