{"loss": 3.0324950218200684, "elapsed_time": 162.888834, "epoch": 3, "worker": 2}