{"loss": 2.7766377925872803, "elapsed_time": 252.804731, "epoch": 5, "worker": 0}