{"loss": 2.9157073497772217, "elapsed_time": 207.803019, "epoch": 4, "worker": 0}