{"loss": 3.18988037109375, "elapsed_time": 118.007587, "epoch": 2, "worker": 1}