{"loss": 3.0316290855407715, "elapsed_time": 162.89141, "epoch": 3, "worker": 0}