{"loss": 2.9181387424468994, "elapsed_time": 207.804274, "epoch": 4, "worker": 2}