{"loss": 2.6308140754699707, "elapsed_time": 297.554893, "epoch": 6, "worker": 0}