{"loss": 3.2954025268554688, "elapsed_time": 73.394251, "epoch": 1, "worker": 0}