{"loss": 3.2953617572784424, "elapsed_time": 73.390789, "epoch": 1, "worker": 2}